Mole_Fraction,-H0
1.55E-02,-1.61648
1.00E-01,-1.26033
1.51E-01,-1.10808
2.03E-01,-1.00701
2.56E-01,-0.88042
3.05E-01,-0.7281
3.72E-01,-0.52506
4.33E-01,-0.34747
4.92E-01,-0.19542
5.05E-01,-0.14456
5.82E-01,0.05823
6.61E-01,0.31214
7.33E-01,0.59183
8.18E-01,0.84561
8.95E-01,1.15077
9.33E-01,1.32895
9.69E-01,1.53278
9.87E-01,1.83945
1,2.06947