Mole_Fraction,-H0
0.00285,-0.87392
0.01588,-0.08083
0.03658,0.66087
0.06753,1.35113
0.11648,2.24568
0.18346,3.47249
0.25046,4.77608