Mole_Fraction,-H0
0.002862673,-1.02749
0.00559291,-0.59245
0.016228606,0.12392
0.045160962,0.86543
0.092369601,1.60648
0.16046251,2.27022
0.228535045,2.88277
0.304421353,3.39275
0.388141809,3.87694
0.471821516,4.23316
0.565963733,4.6403
0.647025265,4.97099
0.73853912,5.27583
0.782976773,5.42828
0.858812143,5.70791
0.937245314,5.98747
1,6.21625