Mole_Fraction,-H0
0.00542,-0.87399
0.01072,-0.20867
0.02886,0.5331
0.05467,1.22348
0.08304,1.86262
0.12687,2.78289
0.14753,3.34544
0.1785,4.13807
0.22244,5.51904
0.27413,7.07897
0.33609,8.71542
0.39289,10.24962