Mole_Fraction,-H0
0.002819961,-0.95071
0.005500419,-0.46448
0.021035115,0.32854
0.046783451,1.09571
0.085346168,2.01612
0.149527681,3.24299
0.206006616,4.29091
0.288094384,5.56852
0.365050421,6.74388
0.398361832,7.12694
0.46497469,7.84187
0.539220375,8.42863
0.618567898,8.96407
0.705548248,9.42254
0.825790187,10.00812
0.884630715,10.31374
0.940930288,10.67061
0.981964207,11.25823
1,11.87203